<?xml version="1.0" encoding="UTF-8"?>
<project-private xmlns="http://www.netbeans.org/ns/project-private/1">
    <editor-bookmarks xmlns="http://www.netbeans.org/ns/editor-bookmarks/2" lastBookmarkId="0"/>
    <open-files xmlns="http://www.netbeans.org/ns/projectui-open-files/2">
        <group>
            <file>file:/C:/Users/MUZAMMIL/Documents/NetBeansProjects/Gym2/src/Gym_Management/MainApp.java</file>
            <file>file:/C:/Users/MUZAMMIL/Documents/NetBeansProjects/Gym2/src/Gym_Management/LOGIN_1.java</file>
            <file>file:/C:/Users/MUZAMMIL/Documents/NetBeansProjects/Gym2/src/Gym_Management/ListModelsExample.java</file>
            <file>file:/C:/Users/MUZAMMIL/Documents/NetBeansProjects/Gym2/src/Gym_Management/GeminiConeection.java</file>
            <file>file:/C:/Users/MUZAMMIL/Documents/NetBeansProjects/Gym2/src/Gym_Management/Member_Attendance.java</file>
            <file>file:/C:/Users/MUZAMMIL/Documents/NetBeansProjects/Gym2/src/Gym_Management/Loading_Page.java</file>
            <file>file:/C:/Users/MUZAMMIL/Documents/NetBeansProjects/Gym2/src/Gym_Management/Home_Page_1.java</file>
            <file>file:/C:/Users/MUZAMMIL/Documents/NetBeansProjects/Gym2/src/Gym_Management/GeminiFrame.java</file>
            <file>file:/C:/Users/MUZAMMIL/Documents/NetBeansProjects/Gym2/src/Gym_Management/MANAGE_MEMBERS.java</file>
            <file>file:/C:/Users/MUZAMMIL/Documents/NetBeansProjects/Gym2/src/Gym_Management/MANAGE_TRAINER.java</file>
        </group>
    </open-files>
</project-private>
